Date,Open,High,Low,Close,High_Last_7_Days,Days_Since_High_Last_7_Days,%_Diff_From_High_Last_7_Days,Low_Last_7_Days,Days_Since_Low_Last_7_Days,%_Diff_From_Low_Last_7_Days,High_Next_5_Days,%_Diff_From_High_Next_5_Days,Low_Next_5_Days,%_Diff_From_Low_Next_5_Days
2023-10-30 00:00:00,,,,34556.242814761616,,,,,,,,,,
2023-10-31 00:00:00,34556.242814761616,34556.242814761616,34498.70391946407,34498.70391946407,,,,,,,,,,
2023-11-01 00:00:00,34498.70391946407,34672.2892841885,34498.70391946407,34672.2892841885,,,,,,,,,,
2023-11-02 00:00:00,34672.2892841885,35457.45491210553,34672.2892841885,35457.45491210553,,,,,,,,,,
2023-11-03 00:00:00,35457.45491210553,35457.45491210553,34924.05545044328,34924.05545044328,,,,,,,35436.53762957962,-1.446197098862625,34731.38136896784,0.5547550194694818
2023-11-04 00:00:00,34924.05545044328,34924.05545044328,34731.38136896784,34731.38136896784,,,,,,,35795.0806307102,-2.9716353280952386,34731.38136896784,0.0
2023-11-05 00:00:00,34731.38136896784,35048.407834901074,34731.38136896784,35048.407834901074,,,,,,,36768.42081912672,-4.677962626371221,35031.26888208706,0.04892472742481024
2023-11-06 00:00:00,35048.407834901074,35061.92874919579,35048.407834901074,35061.92874919579,35457.45491210553,,-1.1154950739984089,34498.70391946407,,1.6325970710277908,37344.249000720345,-6.111570891358756,35031.26888208706,0.08752142896086877
2023-11-07 00:00:00,35061.92874919579,35061.92874919579,35031.26888208706,35031.26888208706,35457.45491210553,,-1.2019645264301433,34498.70391946407,,1.5437245522795473,37344.249000720345,-6.193671530490996,35031.26888208706,0.0
2023-11-08 00:00:00,35031.26888208706,35436.53762957962,35031.26888208706,35436.53762957962,35457.45491210553,,-0.058992622504236786,34672.2892841885,,2.2042050328059655,37344.249000720345,-5.108447544637793,35436.53762957962,0.0
2023-11-09 00:00:00,35436.53762957962,35795.0806307102,35436.53762957962,35795.0806307102,35795.0806307102,0.0,0.0,34731.38136896784,,3.0626459985630325,37344.249000720345,-4.148345224401914,35795.0806307102,0.0
2023-11-10 00:00:00,35795.0806307102,36768.42081912672,35795.0806307102,36768.42081912672,36768.42081912672,0.0,0.0,34731.38136896784,,5.865126493295627,37344.249000720345,-1.5419460747022136,35545.201433454065,3.4413066640308716
2023-11-11 00:00:00,36768.42081912672,37344.249000720345,36768.42081912672,37344.249000720345,37344.249000720345,0.0,0.0,34731.38136896784,,7.523074317127722,37903.66245166294,-1.4758823152142386,35545.201433454065,5.061295181107261
2023-11-12 00:00:00,37344.249000720345,37344.249000720345,37122.72282430656,37122.72282430656,37344.249000720345,0.0,-0.5932002445932438,35031.26888208706,,5.970248891809192,37903.66245166294,-2.0603276223037232,35545.201433454065,4.438071321120103
2023-11-13 00:00:00,37122.72282430656,37122.72282430656,37067.69698212008,37067.69698212008,37344.249000720345,1.0,-0.7405478112437986,35031.26888208706,,5.8131725313390685,37903.66245166294,-2.205500512276184,35545.201433454065,4.2832660591791845
2023-11-14 00:00:00,37067.69698212008,37067.69698212008,36549.16204829837,36549.16204829837,37344.249000720345,2.0,-2.1290746867252244,35031.26888208706,,4.332966560019388,37903.66245166294,-3.5735343651603824,35545.201433454065,2.824461739860639
2023-11-15 00:00:00,36549.16204829837,36549.16204829837,35545.201433454065,35545.201433454065,37344.249000720345,3.0,-4.817468861755868,35436.53762957962,,0.3066434001264793,37903.66245166294,-6.2222510059984995,35545.201433454065,0.0
2023-11-16 00:00:00,35545.201433454065,37903.66245166294,35545.201433454065,37903.66245166294,37903.66245166294,0.0,0.0,35545.201433454065,0.0,6.635103820199935,37903.66245166294,0.0,36201.51611146142,4.701864791962736
2023-11-17 00:00:00,37903.66245166294,37903.66245166294,36201.51611146142,36201.51611146142,37903.66245166294,0.0,-4.490717334696093,35545.201433454065,1.0,1.8464227280750412,37489.298470802016,-3.435066570647006,35965.36036068078,0.6566200043940431
2023-11-18 00:00:00,36201.51611146142,36527.76022530742,36201.51611146142,36527.76022530742,37903.66245166294,1.0,-3.629998098759323,35545.201433454065,2.0,2.764251578916647,37489.298470802016,-2.564833925189274,35965.36036068078,1.5637264828895916
2023-11-19 00:00:00,36527.76022530742,36582.36844192274,36527.76022530742,36582.36844192274,37903.66245166294,2.0,-3.485927016749872,35545.201433454065,3.0,2.9178819267923104,37489.298470802016,-2.419170445628962,35965.36036068078,1.7155620715440059
2023-11-20 00:00:00,36582.36844192274,37413.99460790531,36582.36844192274,37413.99460790531,37903.66245166294,3.0,-1.2918747479404684,35545.201433454065,4.0,5.25751184150667,37738.93169747125,-0.8610129512163974,35965.36036068078,4.027859675801423
2023-11-21 00:00:00,37413.99460790531,37489.298470802016,37413.99460790531,37489.298470802016,37903.66245166294,4.0,-1.0932030153796999,35545.201433454065,5.0,5.469365649784236,37809.85286625321,-0.8478065137812355,35965.36036068078,4.237238539634609
2023-11-22 00:00:00,37489.298470802016,37489.298470802016,35965.36036068078,35965.36036068078,37903.66245166294,5.0,-5.113759372076506,35545.201433454065,6.0,1.1820412046709483,37809.85286625321,-4.878338226009637,35965.36036068078,0.0
2023-11-23 00:00:00,35965.36036068078,37464.83293220907,35965.36036068078,37464.83293220907,37903.66245166294,6.0,-1.157749650217807,35965.36036068078,0.0,4.16921325545119,37809.85286625321,-0.9125132945229826,37250.16905148115,0.57627625912583
2023-11-24 00:00:00,37464.83293220907,37464.83293220907,37293.316127426726,37293.316127426726,37489.298470802016,7.0,-0.5227687670067442,35965.36036068078,1.0,3.692318812959082,37809.85286625321,-1.3661432131292828,37250.16905148115,0.11583055069077954
2023-11-25 00:00:00,37293.316127426726,37738.93169747125,37293.316127426726,37738.93169747125,37738.93169747125,0.0,0.0,35965.36036068078,2.0,4.931332034502369,37810.34641654128,-0.18887613004991907,37250.16905148115,1.3121085311441452
2023-11-26 00:00:00,37738.93169747125,37809.85286625321,37738.93169747125,37809.85286625321,37809.85286625321,0.0,0.0,35965.36036068078,3.0,5.128525022618505,37810.34641654128,-0.0013053313043781768,37250.16905148115,1.5025000665058954
2023-11-27 00:00:00,37809.85286625321,37809.85286625321,37491.838186008135,37491.838186008135,37809.85286625321,0.0,-0.8410894413421983,35965.36036068078,4.0,4.2443000988144695,38688.25874179069,-3.0924642118622754,37250.16905148115,0.6487732557481566
2023-11-28 00:00:00,37491.838186008135,37491.838186008135,37250.16905148115,37250.16905148115,37809.85286625321,1.0,-1.4802591714700977,35965.36036068078,5.0,3.5723503891399577,39481.666416062864,-5.6519837361116165,37250.16905148115,0.0
2023-11-29 00:00:00,37250.16905148115,37802.23604377473,37250.16905148115,37802.23604377473,37809.85286625321,2.0,-0.02014507304598224,35965.36036068078,6.0,5.107346804460534,39960.27542041052,-5.4004617183732755,37711.81837585267,0.23975950197074042
2023-11-30 00:00:00,37802.23604377473,37810.34641654128,37802.23604377473,37810.34641654128,37810.34641654128,0.0,0.0,37250.16905148115,7.0,1.5038250277091234,41974.331772543344,-9.920313630164447,37711.81837585267,0.2612656852200404
2023-12-01 00:00:00,37810.34641654128,37810.34641654128,37711.81837585267,37711.81837585267,37810.34641654128,0.0,-0.2605848663833043,37250.16905148115,8.0,1.2393214208867247,44105.94477259938,-14.497198574281606,37711.81837585267,0.0
2023-12-02 00:00:00,37711.81837585267,38688.25874179069,37711.81837585267,38688.25874179069,38688.25874179069,0.0,0.0,37250.16905148115,9.0,3.8606259432596053,44105.94477259938,-12.283346516532175,38688.25874179069,0.0
2023-12-03 00:00:00,38688.25874179069,39481.666416062864,38688.25874179069,39481.666416062864,39481.666416062864,0.0,0.0,37250.16905148115,10.0,5.990569764925634,44105.94477259938,-10.484478635200507,39481.666416062864,0.0
2023-12-04 00:00:00,39481.666416062864,39960.27542041052,39481.666416062864,39960.27542041052,39960.27542041052,0.0,0.0,37250.16905148115,11.0,7.27542032140553,44202.17610943621,-9.596587911245692,39960.27542041052,0.0
2023-12-05 00:00:00,39960.27542041052,41974.331772543344,39960.27542041052,41974.331772543344,41974.331772543344,0.0,0.0,37250.16905148115,12.0,12.682258473869537,44202.17610943621,-5.040123661281163,41974.331772543344,0.0
2023-12-06 00:00:00,41974.331772543344,44105.94477259938,41974.331772543344,44105.94477259938,44105.94477259938,0.0,0.0,37711.81837585267,13.0,16.95523226437934,44202.17610943621,-0.21770723821057195,43270.11955970747,1.9316452586607153
2023-12-07 00:00:00,44105.94477259938,44105.94477259938,43788.28880825234,43788.28880825234,44105.94477259938,0.0,-0.720211223191803,37711.81837585267,14.0,16.11290755550124,44202.17610943621,-0.9363505094390816,41200.96272610168,6.279770934846473
2023-12-08 00:00:00,43788.28880825234,43788.28880825234,43270.11955970747,43270.11955970747,44105.94477259938,1.0,-1.8950398119828162,37711.81837585267,15.0,14.73888405077238,44202.17610943621,-2.1086214113557293,41200.96272610168,5.022107971993906
2023-12-09 00:00:00,43270.11955970747,44202.17610943621,43270.11955970747,44202.17610943621,44202.17610943621,0.0,0.0,38688.25874179069,16.0,14.252172485833373,44202.17610943621,0.0,41200.96272610168,7.28432828933193
2023-12-10 00:00:00,44202.17610943621,44202.17610943621,43745.49199189547,43745.49199189547,44202.17610943621,0.0,-1.0331711190192892,39481.666416062864,17.0,10.799507626906788,43757.959937619176,-0.028492977601061027,41200.96272610168,6.175897594212712
2023-12-11 00:00:00,43745.49199189547,43757.959937619176,43745.49199189547,43757.959937619176,44202.17610943621,1.0,-1.004964485724044,39960.27542041052,18.0,9.503649505050483,43757.959937619176,0.0,41200.96272610168,6.206158891276551
2023-12-12 00:00:00,43757.959937619176,43757.959937619176,41200.96272610168,41200.96272610168,44202.17610943621,2.0,-6.78974124691077,41200.96272610168,0.0,0.0,43009.5954563739,-4.2051842410533204,41200.96272610168,0.0
2023-12-13 00:00:00,41200.96272610168,41450.81938737744,41200.96272610168,41450.81938737744,44202.17610943621,3.0,-6.224482512460307,41200.96272610168,0.0,0.6064340363519579,43009.5954563739,-3.624251873230419,41410.819634575855,0.09659251653205782
2023-12-14 00:00:00,41450.81938737744,42931.76182603245,41450.81938737744,42931.76182603245,44202.17610943621,4.0,-2.8740989589708223,41200.96272610168,1.0,4.2008705268294015,43009.5954563739,-0.18096805960520237,41410.819634575855,3.6728135421562405
2023-12-15 00:00:00,42931.76182603245,43009.5954563739,42931.76182603245,43009.5954563739,44202.17610943621,5.0,-2.698013441939385,41200.96272610168,2.0,4.389782690991376,43009.5954563739,0.0,41410.819634575855,3.8607683593472055
2023-12-16 00:00:00,43009.5954563739,43009.5954563739,41992.01418722399,41992.01418722399,44202.17610943621,6.0,-5.0001201677045835,41200.96272610168,3.0,1.9199829537506505,43634.1241684964,-3.763361847097645,41410.819634575855,1.4034847843554128
2023-12-17 00:00:00,41992.01418722399,42247.06788172229,41992.01418722399,42247.06788172229,43757.959937619176,7.0,-3.4528393418038665,41200.96272610168,4.0,2.5390308536598294,43849.69959939619,-3.654829411182491,41410.819634575855,2.0193955457191883
2023-12-18 00:00:00,42247.06788172229,42247.06788172229,41410.819634575855,41410.819634575855,43757.959937619176,8.0,-5.363916202650618,41200.96272610168,5.0,0.509349526294508,44003.6960216438,-5.8924059147045424,41410.819634575855,0.0
2023-12-19 00:00:00,41410.819634575855,42684.182554683386,41410.819634575855,42684.182554683386,43009.5954563739,9.0,-0.7566053533811796,41200.96272610168,6.0,3.599964006768355,44003.6960216438,-2.998642355658933,42250.20618279751,1.027157997781726
2023-12-20 00:00:00,42684.182554683386,42684.182554683386,42250.20618279751,42250.20618279751,43009.5954563739,10.0,-1.7656275664035528,41410.819634575855,7.0,2.026974002516032,44003.6960216438,-3.9848694482022884,42250.20618279751,0.0
2023-12-21 00:00:00,42250.20618279751,43634.1241684964,42250.20618279751,43634.1241684964,43634.1241684964,0.0,0.0,41410.819634575855,8.0,5.368897678287439,44003.6960216438,-0.8398654807669477,43034.97106309152,1.392247027484893
2023-12-22 00:00:00,43634.1241684964,43849.69959939619,43634.1241684964,43849.69959939619,43849.69959939619,0.0,0.0,41410.819634575855,9.0,5.889475229763379,44003.6960216438,-0.3499624717247995,42516.42694028252,3.1359000627836093
2023-12-23 00:00:00,43849.69959939619,44003.6960216438,43849.69959939619,44003.6960216438,44003.6960216438,0.0,0.0,41410.819634575855,10.0,6.261350076980923,44003.6960216438,0.0,42516.42694028252,3.498104587787348
2023-12-24 00:00:00,44003.6960216438,44003.6960216438,43752.03088478376,43752.03088478376,44003.6960216438,0.0,-0.5719181787281197,41410.819634575855,11.0,5.653622098928743,43752.03088478376,0.0,42516.42694028252,2.90618011301075
2023-12-25 00:00:00,43752.03088478376,43752.03088478376,43034.97106309152,43034.97106309152,44003.6960216438,1.0,-2.2014627091228887,41410.819634575855,12.0,3.9220460808256625,43638.23630220092,-1.382423512562939,42074.70715618848,2.2822830432030763
2023-12-26 00:00:00,43034.97106309152,43638.23630220092,43034.97106309152,43638.23630220092,44003.6960216438,2.0,-0.8305205073299358,42250.20618279751,13.0,3.28526235682267,43638.23630220092,0.0,42074.70715618848,3.7160784986770223
2023-12-27 00:00:00,43638.23630220092,43638.23630220092,42516.42694028252,42516.42694028252,44003.6960216438,3.0,-3.379873092091505,42250.20618279751,14.0,0.6301052267844426,43418.46777504291,-2.077551053699054,42074.70715618848,1.0498463660229491
2023-12-28 00:00:00,42516.42694028252,43418.46777504291,42516.42694028252,43418.46777504291,44003.6960216438,4.0,-1.3299524801576639,42516.42694028252,0.0,2.1216289789058975,44168.68118687473,-1.6985189316785758,42074.70715618848,3.1937491896643797
2023-12-29 00:00:00,43418.46777504291,43418.46777504291,42600.65063315619,42600.65063315619,44003.6960216438,5.0,-3.1884716860999696,42516.42694028252,1.0,0.1980968273556145,44994.67388689237,-5.3206814205483015,42074.70715618848,1.2500229057217636
2023-12-30 00:00:00,42600.65063315619,42600.65063315619,42074.70715618848,42074.70715618848,44003.6960216438,6.0,-4.38369737057206,42074.70715618848,0.0,0.0,44994.67388689237,-6.489583051638744,42074.70715618848,0.0
2023-12-31 00:00:00,42074.70715618848,42220.61140121376,42074.70715618848,42220.61140121376,43752.03088478376,7.0,-3.500224909794071,42074.70715618848,0.0,0.3467742377473014,44994.67388689237,-6.165313016051741,42208.20217618648,0.029400032191567282
2024-01-01 00:00:00,42220.61140121376,42220.61140121376,42208.20217618648,42208.20217618648,43638.23630220092,8.0,-3.2770209045829763,42074.70715618848,1.0,0.317280924861687,44994.67388689237,-6.192892335902963,42208.20217618648,0.0
2024-01-02 00:00:00,42208.20217618648,44168.68118687473,42208.20217618648,44168.68118687473,44168.68118687473,0.0,0.0,42074.70715618848,2.0,4.97680001173404,44994.67388689237,-1.8357566099801506,42821.558989158,3.1458971357343803
2024-01-03 00:00:00,44168.68118687473,44994.67388689237,44168.68118687473,44994.67388689237,44994.67388689237,0.0,0.0,42074.70715618848,3.0,6.939957347449803,44994.67388689237,0.0,42821.558989158,5.074814997474942
2024-01-04 00:00:00,44994.67388689237,44994.67388689237,42821.558989158,42821.558989158,44994.67388689237,0.0,-4.829715853029953,42074.70715618848,4.0,1.7750612742165512,46936.18556121751,-8.766427273245123,42821.558989158,0.0
2024-01-05 00:00:00,42821.558989158,44195.57856209971,42821.558989158,44195.57856209971,44994.67388689237,1.0,-1.7759775897063401,42074.70715618848,5.0,5.040727670517577,46936.18556121751,-5.8390066562680225,43883.74387905174,0.7105927058261502
2024-01-06 00:00:00,44195.57856209971,44195.57856209971,44113.69973389081,44113.69973389081,44994.67388689237,2.0,-1.9579520794308969,42074.70715618848,6.0,4.846124228822896,46936.18556121751,-6.013453785343112,43883.74387905174,0.5240114778557939
2024-01-07 00:00:00,44113.69973389081,44113.69973389081,43956.12071720152,43956.12071720152,44994.67388689237,3.0,-2.3081691230868047,42208.20217618648,7.0,4.141182165776299,46936.18556121751,-6.349184128158818,43883.74387905174,0.16492858574067337
2024-01-08 00:00:00,43956.12071720152,43956.12071720152,43883.74387905174,43883.74387905174,44994.67388689237,4.0,-2.4690255798570444,42208.20217618648,8.0,3.9697063994130173,46936.18556121751,-6.5033867700743615,42893.92960550481,2.3075859046961784
2024-01-09 00:00:00,43883.74387905174,46936.18556121751,43883.74387905174,46936.18556121751,46936.18556121751,0.0,0.0,42821.558989158,9.0,9.608773405707376,46936.18556121751,0.0,42848.47451640749,9.539921994760302
2024-01-10 00:00:00,46936.18556121751,46936.18556121751,46105.94607828697,46105.94607828697,46936.18556121751,0.0,-1.768868673504974,42821.558989158,10.0,7.669938149520769,46632.31314804979,-1.1287603685703755,41800.93282193406,10.298844943704118
2024-01-11 00:00:00,46105.94607828697,46632.31314804979,46105.94607828697,46632.31314804979,46936.18556121751,1.0,-0.647416081077553,42821.558989158,11.0,8.899148580406973,46632.31314804979,0.0,41800.93282193406,11.558068205551088
2024-01-12 00:00:00,46632.31314804979,46632.31314804979,46314.35554160269,46314.35554160269,46936.18556121751,2.0,-1.324841403662408,43883.74387905174,12.0,5.538751819466383,46314.35554160269,0.0,41800.93282193406,10.797421050135783
2024-01-13 00:00:00,46314.35554160269,46314.35554160269,42893.92960550481,42893.92960550481,46936.18556121751,3.0,-8.61223788720646,42893.92960550481,0.0,0.0,43148.00164342693,-0.5888384820732975,41800.93282193406,2.6147664891277875
2024-01-14 00:00:00,42893.92960550481,42893.92960550481,42848.47451640749,42848.47451640749,46936.18556121751,4.0,-8.709082333668844,42848.47451640749,0.0,0.0,43148.00164342693,-0.6941853981899637,41261.39479801012,3.846403463011165
2024-01-15 00:00:00,42848.47451640749,42848.47451640749,41800.93282193406,41800.93282193406,46936.18556121751,5.0,-10.940924742564967,41800.93282193406,0.0,0.0,43148.00164342693,-3.121972675872641,41261.39479801012,1.3076097562023237
2024-01-16 00:00:00,41800.93282193406,42587.336038354406,41800.93282193406,42587.336038354406,46936.18556121751,6.0,-9.265451529270583,41800.93282193406,0.0,1.8813054239012073,43148.00164342693,-1.2994010932553397,41261.39479801012,3.213515313370426
2024-01-17 00:00:00,42587.336038354406,43148.00164342693,42587.336038354406,43148.00164342693,46632.31314804979,7.0,-7.4718821979959635,41800.93282193406,1.0,3.222580766872322,43148.00164342693,0.0,41261.39479801012,4.572329303583768
2024-01-18 00:00:00,43148.00164342693,43148.00164342693,42713.859186938986,42713.859186938986,46632.31314804979,8.0,-8.402872807682453,41800.93282193406,2.0,2.1839856275309923,42713.859186938986,0.0,39504.73005758438,8.123404778812048
2024-01-19 00:00:00,42713.859186938986,42713.859186938986,41261.39479801012,41261.39479801012,46314.35554160269,9.0,-10.91013938227782,41261.39479801012,0.0,0.0,41626.10711003664,-0.8761624310974292,39504.73005758438,4.44672002027385
2024-01-20 00:00:00,41261.39479801012,41600.94093254464,41261.39479801012,41600.94093254464,43148.00164342693,10.0,-3.5854747658237462,41261.39479801012,0.0,0.8229148243696612,41626.10711003664,-0.06045767725882656,39504.73005758438,5.306227562888558
2024-01-21 00:00:00,41600.94093254464,41626.10711003664,41600.94093254464,41626.10711003664,43148.00164342693,11.0,-3.5271495212389063,41261.39479801012,1.0,0.8839068912040403,41626.10711003664,0.0,39504.73005758438,5.369931776169641
2024-01-22 00:00:00,41626.10711003664,41626.10711003664,41541.89945706261,41541.89945706261,43148.00164342693,12.0,-3.7223095512906292,41261.39479801012,2.0,0.6798235019093799,41862.9356109399,-0.7668744420145178,39504.73005758438,5.15677336994516
2024-01-23 00:00:00,41541.89945706261,41541.89945706261,39504.73005758438,39504.73005758438,43148.00164342693,13.0,-8.443662387774935,39504.73005758438,0.0,0.0,42119.61049464309,-6.208225589814715,39504.73005758438,0.0
2024-01-24 00:00:00,39504.73005758438,39833.45410501688,39504.73005758438,39833.45410501688,43148.00164342693,14.0,-7.681810077327141,39504.73005758438,0.0,0.8321131341824982,42119.61049464309,-5.427771916164744,39833.45410501688,0.0
2024-01-25 00:00:00,39833.45410501688,40123.67105847147,39833.45410501688,40123.67105847147,42713.859186938986,15.0,-6.064046138119836,39504.73005758438,1.0,1.5667516269188189,43267.60927638767,-7.266262847649268,39938.28644155878,0.46417769371241224
2024-01-26 00:00:00,40123.67105847147,40123.67105847147,39938.28644155878,39938.28644155878,41626.10711003664,16.0,-4.054716584513133,39504.73005758438,2.0,1.097479677351116,43267.60927638767,-7.69472335196896,39938.28644155878,0.0
2024-01-27 00:00:00,39938.28644155878,41862.9356109399,39938.28644155878,41862.9356109399,41862.9356109399,0.0,0.0,39504.73005758438,3.0,5.969425812853469,43267.60927638767,-3.2464785758670076,41862.9356109399,0.0
2024-01-28 00:00:00,41862.9356109399,42119.61049464309,41862.9356109399,42119.61049464309,42119.61049464309,0.0,0.0,39504.73005758438,4.0,6.619157840712026,43267.60927638767,-2.6532521693336877,42026.57856232145,0.22136451622795975
2024-01-29 00:00:00,42119.61049464309,42119.61049464309,42026.57856232145,42026.57856232145,42119.61049464309,0.0,-0.22087557607751002,39504.73005758438,5.0,6.383662161622364,43267.60927638767,-2.868267359397393,42026.57856232145,0.0
2024-01-30 00:00:00,42026.57856232145,43267.60927638767,42026.57856232145,43267.60927638767,43267.60927638767,0.0,0.0,39504.73005758438,6.0,9.525135884534096,43267.60927638767,0.0,42583.26354663417,1.6070767544719984
2024-01-31 00:00:00,43267.60927638767,43267.60927638767,42892.03453014447,42892.03453014447,43267.60927638767,0.0,-0.8680274979929757,39833.45410501688,7.0,7.678421301511923,43170.65856159975,-0.6454013923779093,42583.26354663417,0.7250993883363528
2024-02-01 00:00:00,42892.03453014447,42892.03453014447,42583.26354663417,42583.26354663417,43267.60927638767,1.0,-1.58165829173042,39938.28644155878,8.0,6.62266046127379,43170.65856159975,-1.360634825914068,42583.26354663417,0.0
2024-02-02 00:00:00,42583.26354663417,43069.0434209368,42583.26354663417,43069.0434209368,43267.60927638767,2.0,-0.45892495280351175,39938.28644155878,9.0,7.8389867426065445,43170.65856159975,-0.23538010317343144,42599.35997055978,1.1025598757859705
2024-02-03 00:00:00,43069.0434209368,43170.65856159975,43069.0434209368,43170.65856159975,43267.60927638767,3.0,-0.2240722711731507,41862.9356109399,10.0,3.123820466900325,44247.415415479314,-2.433490959345119,42599.35997055978,1.3410966536464104
2024-02-04 00:00:00,43170.65856159975,43170.65856159975,42976.84829990829,42976.84829990829,43267.60927638767,4.0,-0.672006106512702,42026.57856232145,11.0,2.2611161081735087,45338.27118978949,-5.208453758627236,42599.35997055978,0.8861361523022677
2024-02-05 00:00:00,42976.84829990829,42976.84829990829,42599.35997055978,42599.35997055978,43267.60927638767,5.0,-1.5444562734196974,42026.57856232145,12.0,1.3629027816027257,47143.24299107112,-9.638460852962421,42599.35997055978,0.0
2024-02-06 00:00:00,42599.35997055978,42648.45692113544,42599.35997055978,42648.45692113544,43267.60927638767,6.0,-1.43098351308752,42583.26354663417,13.0,0.15309623798532232,47768.995251247936,-10.71937624641315,42648.45692113544,0.0
2024-02-07 00:00:00,42648.45692113544,43087.78740814285,42648.45692113544,43087.78740814285,43170.65856159975,7.0,-0.19196175415912606,42583.26354663417,14.0,1.1847937886586988,48189.88179303987,-10.587480597709046,43087.78740814285,0.0
2024-02-08 00:00:00,43087.78740814285,44247.415415479314,43087.78740814285,44247.415415479314,44247.415415479314,0.0,0.0,42583.26354663417,15.0,3.907995137626514,50050.13609456397,-11.593815985077606,44247.415415479314,0.0
2024-02-09 00:00:00,44247.415415479314,45338.27118978949,44247.415415479314,45338.27118978949,45338.27118978949,0.0,0.0,42599.35997055978,16.0,6.429465656579253,50050.13609456397,-9.414289894980406,45338.27118978949,0.0
2024-02-10 00:00:00,45338.27118978949,47143.24299107112,45338.27118978949,47143.24299107112,47143.24299107112,0.0,0.0,42599.35997055978,17.0,10.66655232297292,51790.16929752642,-8.972603043174924,47143.24299107112,0.0
2024-02-11 00:00:00,47143.24299107112,47768.995251247936,47143.24299107112,47768.995251247936,47768.995251247936,0.0,0.0,42599.35997055978,18.0,12.135476411525586,51958.23029105492,-8.062697702250645,47768.995251247936,0.0
2024-02-12 00:00:00,47768.995251247936,48189.88179303987,47768.995251247936,48189.88179303987,48189.88179303987,0.0,0.0,42599.35997055978,19.0,13.123487832548836,52166.43430976192,-7.622818330096052,48189.88179303987,0.0
2024-02-13 00:00:00,48189.88179303987,50050.13609456397,48189.88179303987,50050.13609456397,50050.13609456397,0.0,0.0,42648.45692113544,20.0,17.355092558484696,52166.43430976192,-4.056819760061555,49732.14536955351,0.6394068115250379
2024-02-14 00:00:00,50050.13609456397,50050.13609456397,49732.14536955351,49732.14536955351,50050.13609456397,0.0,-0.6353443763062941,43087.78740814285,21.0,15.420513238410072,52166.43430976192,-4.666389360165415,49732.14536955351,0.0
2024-02-15 00:00:00,49732.14536955351,51790.16929752642,49732.14536955351,51790.16929752642,51790.16929752642,0.0,0.0,44247.415415479314,22.0,17.04676716418647,52166.43430976192,-0.7212779965010692,51684.51749264525,0.2044167383321412
2024-02-16 00:00:00,51790.16929752642,51958.23029105492,51790.16929752642,51958.23029105492,51958.23029105492,0.0,0.0,45338.27118978949,23.0,14.601260541130404,52286.79372554667,-0.6283870382574577,51684.51749264525,0.5295837354941265
2024-02-17 00:00:00,51958.23029105492,52166.43430976192,51958.23029105492,52166.43430976192,52166.43430976192,0.0,0.0,47143.24299107112,24.0,10.655167103464192,52286.79372554667,-0.23019085166421535,51684.51749264525,0.9324200756740055
2024-02-18 00:00:00,52166.43430976192,52166.43430976192,51684.51749264525,51684.51749264525,52166.43430976192,0.0,-0.923806320085186,47768.995251247936,25.0,8.19678584572077,52286.79372554667,-1.1518706541134693,51319.500125702674,0.7112644629205275
2024-02-19 00:00:00,51684.51749264525,52138.48578873693,51684.51749264525,52138.48578873693,52166.43430976192,1.0,-0.0535756782973402,48189.88179303987,26.0,8.193844534948326,52286.79372554667,-0.28364320365139806,50841.081094770896,2.5518825839828048
2024-02-20 00:00:00,52138.48578873693,52138.48578873693,51764.313185487765,51764.313185487765,52166.43430976192,2.0,-0.7708426492912638,49732.14536955351,27.0,4.086225922556657,52286.79372554667,-0.9992590916960846,50841.081094770896,1.8159175037916826
2024-02-21 00:00:00,51764.313185487765,52286.79372554667,51764.313185487765,52286.79372554667,52286.79372554667,0.0,0.0,49732.14536955351,28.0,5.136815106225315,52286.79372554667,0.0,50841.081094770896,2.843591441497624
2024-02-22 00:00:00,52286.79372554667,52286.79372554667,51842.75676625642,51842.75676625642,52286.79372554667,0.0,-0.8492334825902682,51684.51749264525,29.0,0.3061637822848645,54478.19108312296,-4.837595126544109,50841.081094770896,1.9702092282780865
2024-02-23 00:00:00,51842.75676625642,51842.75676625642,51319.500125702674,51319.500125702674,52286.79372554667,1.0,-1.8499768888513544,51319.500125702674,0.0,0.0,57003.52673730811,-9.971359557803128,50841.081094770896,0.9410087681652085
2024-02-24 00:00:00,51319.500125702674,51319.500125702674,50841.081094770896,50841.081094770896,52286.79372554667,2.0,-2.7649670744094883,50841.081094770896,0.0,0.0,62558.58202419311,-18.730445208765655,50841.081094770896,0.0
2024-02-25 00:00:00,50841.081094770896,51553.096712831146,50841.081094770896,51553.096712831146,52286.79372554667,3.0,-1.4032166832923374,50841.081094770896,0.0,1.400473008693519,62558.58202419311,-17.592287029629027,51553.096712831146,0.0
2024-02-26 00:00:00,51553.096712831146,51751.88405493456,51553.096712831146,51751.88405493456,52286.79372554667,4.0,-1.0230301621090896,50841.081094770896,1.0,1.7914704812548607,62558.58202419311,-17.27452512443345,51751.88405493456,0.0
2024-02-27 00:00:00,51751.88405493456,54478.19108312296,51751.88405493456,54478.19108312296,54478.19108312296,0.0,0.0,50841.081094770896,2.0,7.1538801104018015,62558.58202419311,-12.916518692743448,54478.19108312296,0.0
2024-02-28 00:00:00,54478.19108312296,57003.52673730811,54478.19108312296,57003.52673730811,57003.52673730811,0.0,0.0,50841.081094770896,3.0,12.12099646553549,63053.10543906421,-9.594418323459953,57003.52673730811,0.0
2024-02-29 00:00:00,57003.52673730811,62558.58202419311,57003.52673730811,62558.58202419311,62558.58202419311,0.0,0.0,50841.081094770896,4.0,23.047308745421972,68186.64593432152,-8.25390929999616,61298.21686110162,2.056120434869106
2024-03-01 00:00:00,62558.58202419311,62558.58202419311,61298.21686110162,61298.21686110162,62558.58202419311,0.0,-2.0146958615591264,50841.081094770896,5.0,20.568279708368074,68186.64593432152,-10.10231399247142,61298.21686110162,0.0
2024-03-02 00:00:00,61298.21686110162,62426.64052919186,61298.21686110162,62426.64052919186,62558.58202419311,1.0,-0.21090870466056588,50841.081094770896,6.0,22.78779126042732,68186.64593432152,-8.447409791468246,62067.86680212177,0.5780345701486744
2024-03-03 00:00:00,62426.64052919186,62426.64052919186,62067.86680212177,62067.86680212177,62558.58202419311,2.0,-0.7844091189304239,51553.096712831146,7.0,20.396000938336613,68186.64593432152,-8.973574001709167,62067.86680212177,0.0
2024-03-04 00:00:00,62067.86680212177,63053.10543906421,62067.86680212177,63053.10543906421,63053.10543906421,0.0,0.0,51751.88405493456,8.0,21.83731392683871,68315.25192078314,-7.702740359972317,63053.10543906421,0.0
2024-03-05 00:00:00,63053.10543906421,68186.64593432152,63053.10543906421,68186.64593432152,68186.64593432152,0.0,0.0,54478.19108312296,9.0,25.163197563373878,68508.0039626159,-0.4690809974112438,64291.536557569496,6.058510319261346
2024-03-06 00:00:00,68186.64593432152,68186.64593432152,64291.536557569496,64291.536557569496,68186.64593432152,0.0,-5.712422606185764,57003.52673730811,10.0,12.785191087995395,69075.66688195744,-6.92592708885965,64291.536557569496,0.0
2024-03-07 00:00:00,64291.536557569496,66145.91927850846,64291.536557569496,66145.91927850846,68186.64593432152,1.0,-2.992853846746951,61298.21686110162,11.0,7.908390595425425,72130.55300765681,-8.29694696575121,66145.91927850846,0.0
2024-03-08 00:00:00,66145.91927850846,66944.87639053575,66145.91927850846,66944.87639053575,68186.64593432152,2.0,-1.8211330485178416,61298.21686110162,12.0,9.211784320299481,72130.55300765681,-7.189292748900167,66944.87639053575,0.0
2024-03-09 00:00:00,66944.87639053575,68315.25192078314,66944.87639053575,68315.25192078314,68315.25192078314,0.0,0.0,62067.86680212177,13.0,10.065409753131396,73097.76702694128,-6.542628182329392,68315.25192078314,0.0
2024-03-10 00:00:00,68315.25192078314,68508.0039626159,68315.25192078314,68508.0039626159,68508.0039626159,0.0,0.0,62067.86680212177,14.0,10.375960206633003,73097.76702694128,-6.27893744364825,68508.0039626159,0.0
2024-03-11 00:00:00,68508.0039626159,69075.66688195744,68508.0039626159,69075.66688195744,69075.66688195744,0.0,0.0,63053.10543906421,15.0,9.551569904377756,73097.76702694128,-5.502357060375636,69075.66688195744,0.0
2024-03-12 00:00:00,69075.66688195744,72130.55300765681,69075.66688195744,72130.55300765681,72130.55300765681,0.0,0.0,64291.536557569496,16.0,12.192921292319575,73097.76702694128,-1.3231786121838522,65292.31329331289,10.47326916359124
2024-03-13 00:00:00,72130.55300765681,72130.55300765681,71467.17350326062,71467.17350326062,72130.55300765681,0.0,-0.9196928024741029,64291.536557569496,17.0,11.161091070308677,73097.76702694128,-2.2307022361978235,65292.31329331289,9.457254458435848
2024-03-14 00:00:00,71467.17350326062,73097.76702694128,71467.17350326062,73097.76702694128,73097.76702694128,0.0,0.0,66145.91927850846,18.0,10.509866404852506,73097.76702694128,0.0,65292.31329331289,11.954628868124068
2024-03-15 00:00:00,73097.76702694128,73097.76702694128,71420.03180142345,71420.03180142345,73097.76702694128,0.0,-2.2951935384010733,66944.87639053575,19.0,6.684836319333876,71420.03180142345,0.0,62132.51737873437,14.94791264624963
2024-03-16 00:00:00,71420.03180142345,71420.03180142345,69497.7631929463,69497.7631929463,73097.76702694128,1.0,-4.924916287344519,68315.25192078314,20.0,1.730962323807828,69497.7631929463,0.0,62132.51737873437,11.854092067952772
2024-03-17 00:00:00,69497.7631929463,69497.7631929463,65292.31329331289,65292.31329331289,73097.76702694128,2.0,-10.678101467520305,65292.31329331289,0.0,0.0,68425.41565643054,-4.578857626308349,62132.51737873437,5.0855752315936265
2024-03-18 00:00:00,65292.31329331289,68425.41565643054,65292.31329331289,68425.41565643054,73097.76702694128,3.0,-6.391920793953483,65292.31329331289,0.0,4.798577665708995,68425.41565643054,0.0,62132.51737873437,10.128188174538701
2024-03-19 00:00:00,68425.41565643054,68425.41565643054,67708.94360930806,67708.94360930806,73097.76702694128,4.0,-7.372076654061248,65292.31329331289,1.0,3.701247810196178,67819.05570684028,-0.1623615905361544,62132.51737873437,8.975052783685044
2024-03-20 00:00:00,67708.94360930806,67708.94360930806,62132.51737873437,62132.51737873437,73097.76702694128,5.0,-15.000799742850562,62132.51737873437,0.0,0.0,67819.05570684028,-8.384868041641532,62132.51737873437,0.0
2024-03-21 00:00:00,62132.51737873437,67819.05570684028,62132.51737873437,67819.05570684028,73097.76702694128,6.0,-7.221439908219692,62132.51737873437,0.0,9.152274152104784,69938.94530200244,-3.031057425885228,63509.04496523133,6.786451825828134
2024-03-22 00:00:00,67819.05570684028,67819.05570684028,65535.97844847657,65535.97844847657,71420.03180142345,7.0,-8.238659665270001,62132.51737873437,1.0,5.477745330993269,70082.05122475982,-6.4867861268837075,63509.04496523133,3.1915666254387887
2024-03-23 00:00:00,65535.97844847657,65535.97844847657,63509.04496523133,63509.04496523133,69497.7631929463,8.0,-8.617138095636998,62132.51737873437,2.0,2.215470488836334,70082.05122475982,-9.379015232371314,63509.04496523133,0.0
2024-03-24 00:00:00,63509.04496523133,64285.80279102199,63509.04496523133,64285.80279102199,68425.41565643054,9.0,-6.049817638220688,62132.51737873437,3.0,3.4656336217025907,70710.19534863312,-9.085525115488622,64285.80279102199,0.0
2024-03-25 00:00:00,64285.80279102199,67310.98326810106,64285.80279102199,67310.98326810106,68425.41565643054,10.0,-1.6286819417000535,62132.51737873437,4.0,8.334550261018537,70710.19534863312,-4.807244646648778,67310.98326810106,0.0
2024-03-26 00:00:00,67310.98326810106,69938.94530200244,67310.98326810106,69938.94530200244,69938.94530200244,0.0,0.0,62132.51737873437,5.0,12.564158435241382,70710.19534863312,-1.0907197227048673,69435.75040305211,0.7246913816433825
2024-03-27 00:00:00,69938.94530200244,70082.05122475982,69938.94530200244,70082.05122475982,70082.05122475982,0.0,0.0,62132.51737873437,6.0,12.794482151058448,71246.95144060145,-1.6350176285266083,69435.75040305211,0.9307897127288859
2024-03-28 00:00:00,70082.05122475982,70082.05122475982,69435.75040305211,69435.75040305211,70082.05122475982,0.0,-0.9222059149424245,63509.04496523133,7.0,9.332065127204181,71246.95144060145,-2.542145314188409,69435.75040305211,0.0
2024-03-29 00:00:00,69435.75040305211,70710.19534863312,69435.75040305211,70710.19534863312,70710.19534863312,0.0,0.0,63509.04496523133,8.0,11.338779204354479,71246.95144060145,-0.7533741179309607,65440.41922587159,8.052784785153307
2024-03-30 00:00:00,70710.19534863312,70710.19534863312,69919.05546148612,69919.05546148612,70710.19534863312,0.0,-1.1188483969621708,63509.04496523133,9.0,10.093067058029309,71246.95144060145,-1.8637934006515329,65440.41922587159,6.843837934711634
2024-03-31 00:00:00,69919.05546148612,69919.05546148612,69702.3087473573,69702.3087473573,70710.19534863312,1.0,-1.4253766324735602,64285.80279102199,10.0,8.425664332050253,71246.95144060145,-2.168012331772429,65440.41922587159,6.5126256400887845
2024-04-01 00:00:00,69702.3087473573,71246.95144060145,69702.3087473573,71246.95144060145,71246.95144060145,0.0,0.0,67310.98326810106,11.0,5.847438235782928,71246.95144060145,0.0,65440.41922587159,8.873005832508893
2024-04-02 00:00:00,71246.95144060145,71246.95144060145,69785.92503802372,69785.92503802372,71246.95144060145,0.0,-2.0506511128350327,69435.75040305211,12.0,0.5043146116214796,69785.92503802372,0.0,65440.41922587159,6.6404003268276
2024-04-03 00:00:00,69785.92503802372,69785.92503802372,65440.41922587159,65440.41922587159,71246.95144060145,1.0,-8.149867604610089,65440.41922587159,0.0,0.0,69401.97360911008,-5.708129289738919,65440.41922587159,0.0
2024-04-04 00:00:00,65440.41922587159,66123.938539074,65440.41922587159,66123.938539074,71246.95144060145,2.0,-7.190501204530129,65440.41922587159,0.0,1.0444910367141838,71624.18486236996,-7.6793143738598895,66123.938539074,0.0
2024-04-05 00:00:00,66123.938539074,68542.17715279506,66123.938539074,68542.17715279506,71246.95144060145,3.0,-3.7963368721275836,65440.41922587159,1.0,4.739819768295743,71624.18486236996,-4.303026576144855,67978.61023408506,0.8290356580832569
2024-04-06 00:00:00,68542.17715279506,68542.17715279506,67978.61023408506,67978.61023408506,71246.95144060145,4.0,-4.5873418306763645,65440.41922587159,2.0,3.878628893639495,71624.18486236996,-5.089865434824959,67978.61023408506,0.0
2024-04-07 00:00:00,67978.61023408506,69000.6499164776,67978.61023408506,69000.6499164776,71246.95144060145,5.0,-3.1528387933855484,65440.41922587159,3.0,5.440415469096642,71624.18486236996,-3.6629177015188854,69000.6499164776,0.0
2024-04-08 00:00:00,69000.6499164776,69401.97360911008,69000.6499164776,69401.97360911008,71246.95144060145,6.0,-2.5895533692126156,65440.41922587159,4.0,6.053681241810112,71624.18486236996,-3.102599013908489,67252.10504226631,3.196730519427798
2024-04-09 00:00:00,69401.97360911008,71624.18486236996,69401.97360911008,71624.18486236996,71624.18486236996,0.0,0.0,65440.41922587159,5.0,9.449459079952906,71624.18486236996,0.0,64404.82548907413,11.209345446515574
2024-04-10 00:00:00,71624.18486236996,71624.18486236996,69158.64381207665,69158.64381207665,71624.18486236996,0.0,-3.4423303455822762,65440.41922587159,6.0,5.681847136968032,70527.88997578963,-1.941425107405029,64404.82548907413,7.381152401086746
2024-04-11 00:00:00,69158.64381207665,70527.88997578963,69158.64381207665,70527.88997578963,71624.18486236996,1.0,-1.5306211005220207,66123.938539074,7.0,6.660146890846855,70527.88997578963,0.0,63430.5714573684,11.189113317686763
2024-04-12 00:00:00,70527.88997578963,70527.88997578963,70106.66413070948,70106.66413070948,71624.18486236996,2.0,-2.118726704641014,67978.61023408506,8.0,3.130475732434723,70106.66413070948,0.0,63430.5714573684,10.52503945645212
2024-04-13 00:00:00,70106.66413070948,70106.66413070948,67252.10504226631,67252.10504226631,71624.18486236996,3.0,-6.1041948728699085,67252.10504226631,0.0,0.0,67252.10504226631,0.0,61328.89798860725,9.658101234363262
2024-04-14 00:00:00,67252.10504226631,67252.10504226631,64404.82548907413,64404.82548907413,71624.18486236996,4.0,-10.079499525430204,64404.82548907413,0.0,0.0,65752.66004728881,-2.0498555605892252,61328.89798860725,5.015461880691677
2024-04-15 00:00:00,64404.82548907413,65752.66004728881,64404.82548907413,65752.66004728881,71624.18486236996,5.0,-8.197684659676936,64404.82548907413,0.0,2.0927539947194345,65752.66004728881,0.0,61328.89798860725,7.213177154272918
2024-04-16 00:00:00,65752.66004728881,65752.66004728881,63430.5714573684,63430.5714573684,71624.18486236996,6.0,-11.439730058703027,63430.5714573684,0.0,0.0,64894.41869109179,-2.2557367232019545,61328.89798860725,3.4268893420383493
2024-04-17 00:00:00,63430.5714573684,63720.501587480736,63430.5714573684,63720.501587480736,70527.88997578963,7.0,-9.65205167862769,63430.5714573684,0.0,0.4570826392557346,64936.4207567739,-1.872476424051019,61328.89798860725,3.899635697543046
2024-04-18 00:00:00,63720.501587480736,63720.501587480736,61328.89798860725,61328.89798860725,70527.88997578963,8.0,-13.043055719290841,61328.89798860725,0.0,0.0,66841.66685207361,-8.247503575377015,61328.89798860725,0.0
2024-04-19 00:00:00,61328.89798860725,63461.59269510717,61328.89798860725,63461.59269510717,70106.66413070948,9.0,-9.478516084024475,61328.89798860725,0.0,3.4774711048877776,66841.66685207361,-5.05683702419756,63461.59269510717,0.0
2024-04-20 00:00:00,63461.59269510717,63988.818471785664,63461.59269510717,63988.818471785664,67252.10504226631,10.0,-4.852318850733,61328.89798860725,1.0,4.337140516812376,66841.66685207361,-4.268068877757865,63988.818471785664,0.0
2024-04-21 00:00:00,63988.818471785664,64894.41869109179,63988.818471785664,64894.41869109179,65752.66004728881,11.0,-1.3052572406649043,61328.89798860725,2.0,5.813769396519879,66841.66685207361,-2.9132250176992875,64279.51812857524,0.956604188112605
2024-04-22 00:00:00,64894.41869109179,64936.4207567739,64894.41869109179,64936.4207567739,65752.66004728881,12.0,-1.2413783562944478,61328.89798860725,3.0,5.88225597798415,66841.66685207361,-2.8503868694899364,63802.330049258766,1.7775067252866088
2024-04-23 00:00:00,64936.4207567739,66841.66685207361,64936.4207567739,66841.66685207361,66841.66685207361,0.0,0.0,61328.89798860725,4.0,8.988860136522334,66841.66685207361,0.0,63517.248743409626,5.233882409002987
2024-04-24 00:00:00,66841.66685207361,66841.66685207361,66406.95244392671,66406.95244392671,66841.66685207361,0.0,-0.6503644038515107,61328.89798860725,5.0,8.280035386030885,66406.95244392671,0.0,63030.433616681854,5.356965886954039
2024-04-25 00:00:00,66406.95244392671,66406.95244392671,64279.51812857524,64279.51812857524,66841.66685207361,1.0,-3.833161026891548,61328.89798860725,6.0,4.8111416261158215,64486.183359158975,-0.32047986067449835,63030.433616681854,1.9817165141043858
2024-04-26 00:00:00,64279.51812857524,64486.183359158975,64279.51812857524,64486.183359158975,66841.66685207361,2.0,-3.523974795732618,63461.59269510717,7.0,1.6145051211908883,64486.183359158975,0.0,60749.47209216387,6.151018499923892
2024-04-27 00:00:00,64486.183359158975,64486.183359158975,63802.330049258766,63802.330049258766,66841.66685207361,3.0,-4.547069135096769,63802.330049258766,0.0,0.0,63802.330049258766,0.0,58297.57407532549,9.442512936851644
2024-04-28 00:00:00,63802.330049258766,63802.330049258766,63517.248743409626,63517.248743409626,66841.66685207361,4.0,-4.973571523913687,63517.248743409626,0.0,0.0,63797.67963589958,-0.4395628400443442,58297.57407532549,8.953502355586648
2024-04-29 00:00:00,63517.248743409626,63517.248743409626,63030.433616681854,63030.433616681854,66841.66685207361,5.0,-5.701882395940765,63030.433616681854,0.0,0.0,63797.67963589958,-1.2026237060602862,58297.57407532549,8.118450238154171
2024-04-30 00:00:00,63030.433616681854,63797.67963589958,63030.433616681854,63797.67963589958,66841.66685207361,6.0,-4.554026492054188,63030.433616681854,0.0,1.2172627970223293,63820.451902924986,-0.035681770257669145,58297.57407532549,9.434535909620323
2024-05-01 00:00:00,63797.67963589958,63797.67963589958,60749.47209216387,60749.47209216387,66406.95244392671,7.0,-8.519409705693018,60749.47209216387,0.0,0.0,64010.00865210892,-5.093791781322656,58297.57407532549,4.2058319848272285
2024-05-02 00:00:00,60749.47209216387,60749.47209216387,58297.57407532549,58297.57407532549,64486.183359158975,8.0,-9.596798820246073,58297.57407532549,0.0,0.0,64010.00865210892,-8.924283400476037,58297.57407532549,0.0
2024-05-03 00:00:00,58297.57407532549,59135.1733607733,58297.57407532549,59135.1733607733,64486.183359158975,9.0,-8.297917041520297,58297.57407532549,0.0,1.4367652492118446,64010.00865210892,-7.615739153903413,59135.1733607733,0.0
2024-05-04 00:00:00,59135.1733607733,62839.34073569376,59135.1733607733,62839.34073569376,63802.330049258766,10.0,-1.5093325162600282,58297.57407532549,1.0,7.790661502483653,64010.00865210892,-1.8288826092458084,61215.50400879193,2.6526559785713886
2024-05-05 00:00:00,62839.34073569376,63820.451902924986,62839.34073569376,63820.451902924986,63820.451902924986,0.0,0.0,58297.57407532549,2.0,9.47359802736125,64010.00865210892,-0.29613610929841155,61215.50400879193,4.255372779024939
2024-05-06 00:00:00,63820.451902924986,64010.00865210892,63820.451902924986,64010.00865210892,64010.00865210892,0.0,0.0,58297.57407532549,3.0,9.798751778937618,64010.00865210892,0.0,60888.21674957157,5.127087093676979
2024-05-07 00:00:00,64010.00865210892,64010.00865210892,63172.48129551341,63172.48129551341,64010.00865210892,0.0,-1.3084318753141004,58297.57407532549,4.0,8.362109911964989,63172.48129551341,0.0,60776.97207917213,3.941475092277935
2024-05-08 00:00:00,63172.48129551341,63172.48129551341,62363.057191718624,62363.057191718624,64010.00865210892,1.0,-2.5729592841353752,58297.57407532549,5.0,6.973674601176685,63148.59994309703,-1.2439590934498286,60776.97207917213,2.6096810326127433
2024-05-09 00:00:00,62363.057191718624,62363.057191718624,61215.50400879193,61215.50400879193,64010.00865210892,2.0,-4.365730769550388,58297.57407532549,6.0,5.005233887942284,63148.59994309703,-3.061185736575325,60776.97207917213,0.721542904520722
2024-05-10 00:00:00,61215.50400879193,63148.59994309703,61215.50400879193,63148.59994309703,64010.00865210892,3.0,-1.345740653924289,59135.1733607733,7.0,6.786868718281296,63148.59994309703,0.0,60776.97207917213,3.9021816697868172
2024-05-11 00:00:00,63148.59994309703,63148.59994309703,60888.21674957157,60888.21674957157,64010.00865210892,4.0,-4.877037151336951,60888.21674957157,0.0,0.0,66220.51831432826,-8.052340423320024,60776.97207917213,0.18303753312114354
2024-05-12 00:00:00,60888.21674957157,60888.21674957157,60776.97207917213,60776.97207917213,64010.00865210892,5.0,-5.050829770244491,60776.97207917213,0.0,0.0,66220.51831432826,-8.220331664148732,60776.97207917213,0.0
2024-05-13 00:00:00,60776.97207917213,61507.05400412135,60776.97207917213,61507.05400412135,64010.00865210892,6.0,-3.9102551314920033,60776.97207917213,0.0,1.2012476106874388,67053.12326509564,-8.27115724206881,61507.05400412135,0.0
2024-05-14 00:00:00,61507.05400412135,62878.783300729294,61507.05400412135,62878.783300729294,63172.48129551341,7.0,-0.4649144512944374,60776.97207917213,1.0,3.458236153685327,67053.12326509564,-6.225422114735835,61569.1130057734,2.1271547225848253
2024-05-15 00:00:00,62878.783300729294,62878.783300729294,61569.1130057734,61569.1130057734,63148.59994309703,8.0,-2.501222416248192,60776.97207917213,2.0,1.3033570108911894,67053.12326509564,-8.178605249514053,61569.1130057734,0.0
2024-05-16 00:00:00,61569.1130057734,66220.51831432826,61569.1130057734,66220.51831432826,66220.51831432826,0.0,0.0,60776.97207917213,3.0,8.956593342730223,71430.29700215145,-7.2935139660223856,65260.879803346186,1.4704651758814813
2024-05-17 00:00:00,66220.51831432826,66220.51831432826,65260.879803346186,65260.879803346186,66220.51831432826,0.0,-1.4491558438533663,60776.97207917213,4.0,7.377642503040499,71430.29700215145,-8.636975426014876,65260.879803346186,0.0
2024-05-18 00:00:00,65260.879803346186,67053.12326509564,65260.879803346186,67053.12326509564,67053.12326509564,0.0,0.0,60776.97207917213,5.0,10.326528241235478,71430.29700215145,-6.127895194001465,66252.71259591613,1.2081175816321823
2024-05-19 00:00:00,67053.12326509564,67053.12326509564,66912.61861403697,66912.61861403697,67053.12326509564,0.0,-0.20954229156959847,60776.97207917213,6.0,10.095347505749611,71430.29700215145,-6.32459695355657,66252.71259591613,0.9960437727971767
2024-05-20 00:00:00,66912.61861403697,66912.61861403697,66252.71259591613,66252.71259591613,67053.12326509564,1.0,-1.1936963264411495,61507.05400412135,7.0,7.715633058082724,71430.29700215145,-7.248443060623655,66252.71259591613,0.0
2024-05-21 00:00:00,66252.71259591613,71430.29700215145,66252.71259591613,71430.29700215145,71430.29700215145,0.0,0.0,61569.1130057734,8.0,16.016446420875607,71430.29700215145,0.0,67906.46534276106,5.189243235682615
2024-05-22 00:00:00,71430.29700215145,71430.29700215145,70189.8358177002,70189.8358177002,71430.29700215145,0.0,-1.7366037053071368,61569.1130057734,9.0,14.001700513565012,70189.8358177002,0.0,67906.46534276106,3.362522940067213
2024-05-23 00:00:00,70189.8358177002,70189.8358177002,69181.20085677762,69181.20085677762,71430.29700215145,1.0,-3.1486585381355554,65260.879803346186,10.0,6.007153236739576,69367.23871755725,-0.2681926860850277,67906.46534276106,1.8771931473421166
2024-05-24 00:00:00,69181.20085677762,69181.20085677762,67906.46534276106,67906.46534276106,71430.29700215145,2.0,-4.933245145661723,65260.879803346186,11.0,4.053861283186723,69367.23871755725,-2.105854870112424,67906.46534276106,0.0
2024-05-25 00:00:00,67906.46534276106,68539.91646552991,67906.46534276106,68539.91646552991,71430.29700215145,3.0,-4.046434997371608,66252.71259591613,12.0,3.4522418479130472,69367.23871755725,-1.1926700086707374,67577.26558995963,1.4245188336139316
2024-05-26 00:00:00,68539.91646552991,69268.44558973772,68539.91646552991,69268.44558973772,71430.29700215145,4.0,-3.026518862645377,66252.71259591613,13.0,4.551863426656853,69367.23871755725,-0.14242044176183538,67577.26558995963,2.5025872015001447
2024-05-27 00:00:00,69268.44558973772,69268.44558973772,68508.83110875699,68508.83110875699,71430.29700215145,5.0,-4.089953445533715,66252.71259591613,14.0,3.4053224757772753,69367.23871755725,-1.2374827435404232,67474.95483698409,1.53223707117802
2024-05-28 00:00:00,68508.83110875699,69367.23871755725,68508.83110875699,69367.23871755725,71430.29700215145,6.0,-2.8882118249236157,67906.46534276106,15.0,2.1511550740019647,69367.23871755725,0.0,67474.95483698409,2.8044240787486503
2024-05-29 00:00:00,69367.23871755725,69367.23871755725,68316.63588049631,68316.63588049631,70189.8358177002,7.0,-2.6687623861509424,67906.46534276106,16.0,0.6040228064660607,68372.49288434093,-0.08169514008960804,67474.95483698409,1.2473977130413407
2024-05-30 00:00:00,68316.63588049631,68316.63588049631,67577.26558995963,67577.26558995963,69367.23871755725,8.0,-2.5804301291072873,67577.26558995963,0.0,0.0,68808.29368590549,-1.7890693548734546,67474.95483698409,0.15162774576539326
2024-05-31 00:00:00,67577.26558995963,68372.49288434093,67577.26558995963,68372.49288434093,69367.23871755725,9.0,-1.4340282986708341,67577.26558995963,0.0,1.1767674933853085,70600.01116676089,-3.155124546876409,67474.95483698409,1.3301795451738219
2024-06-01 00:00:00,68372.49288434093,68372.49288434093,67474.95483698409,67474.95483698409,69367.23871755725,10.0,-2.7279215888612427,67474.95483698409,0.0,0.0,71184.59943059199,-5.211302196375998,67474.95483698409,0.0
2024-06-02 00:00:00,67474.95483698409,67704.32641811523,67474.95483698409,67704.32641811523,69367.23871755725,11.0,-2.397258893658578,67474.95483698409,0.0,0.3399358794463677,71184.59943059199,-4.889081402881488,67704.32641811523,0.0
2024-06-03 00:00:00,67704.32641811523,67740.01690222476,67704.32641811523,67740.01690222476,69367.23871755725,12.0,-2.3458073946954365,67474.95483698409,1.0,0.3928302966353086,71184.59943059199,-4.838943473617275,67740.01690222476,0.0
2024-06-04 00:00:00,67740.01690222476,68808.29368590549,67740.01690222476,68808.29368590549,69367.23871755725,13.0,-0.8057766778458909,67474.95483698409,2.0,1.9760500057283081,71184.59943059199,-3.3382301279976967,68808.29368590549,0.0
2024-06-05 00:00:00,68808.29368590549,70600.01116676089,68808.29368590549,70600.01116676089,70600.01116676089,0.0,0.0,67474.95483698409,3.0,4.631431524966212,71184.59943059199,-0.8212285641940006,69315.1041233966,1.853718694668432
2024-06-06 00:00:00,70600.01116676089,71184.59943059199,70600.01116676089,71184.59943059199,71184.59943059199,0.0,0.0,67474.95483698409,4.0,5.4978096725965955,71184.59943059199,0.0,69315.1041233966,2.697096586434131
2024-06-07 00:00:00,71184.59943059199,71184.59943059199,70759.58819301432,70759.58819301432,71184.59943059199,0.0,-0.5970550385579823,67474.95483698409,5.0,4.867929684378048,70759.58819301432,0.0,67329.15232724321,5.095023102471267
2024-06-08 00:00:00,70759.58819301432,70759.58819301432,69325.36238847222,69325.36238847222,71184.59943059199,1.0,-2.6118529246380118,67474.95483698409,6.0,2.742362045233839,69654.16073760358,-0.4720440899000867,67329.15232724321,2.9648525077617642
2024-06-09 00:00:00,69325.36238847222,69325.36238847222,69315.1041233966,69315.1041233966,71184.59943059199,2.0,-2.626263717362392,67704.32641811523,7.0,2.379135559718641,69654.16073760358,-0.48677151603944874,66700.31696564378,3.9202019970904276
2024-06-10 00:00:00,69315.1041233966,69654.16073760358,69315.1041233966,69654.16073760358,71184.59943059199,3.0,-2.149957582441197,67740.01690222476,8.0,2.8257209296857435,69654.16073760358,0.0,66011.07873713733,5.518894813056104
2024-06-11 00:00:00,69654.16073760358,69654.16073760358,69493.17760915738,69493.17760915738,71184.59943059199,4.0,-2.3761063979629635,68808.29368590549,9.0,0.9953508313666913,69493.17760915738,0.0,66011.07873713733,5.275021918496618
2024-06-12 00:00:00,69493.17760915738,69493.17760915738,67329.15232724321,67329.15232724321,71184.59943059199,5.0,-5.416125305457403,67329.15232724321,0.0,0.0,68224.51967501991,-1.312383512616411,66011.07873713733,1.9967460240342072
2024-06-13 00:00:00,67329.15232724321,68224.51967501991,67329.15232724321,68224.51967501991,71184.59943059199,6.0,-4.158314831086859,67329.15232724321,0.0,1.3298360618367842,68224.51967501991,0.0,66011.07873713733,3.3531355345618907
2024-06-14 00:00:00,68224.51967501991,68224.51967501991,66700.31696564378,66700.31696564378,70759.58819301432,7.0,-5.736708382612221,66700.31696564378,0.0,0.0,66700.31696564378,0.0,65109.31481219048,2.4435860798759563
2024-06-15 00:00:00,66700.31696564378,66700.31696564378,66011.07873713733,66011.07873713733,69654.16073760358,8.0,-5.230243192779572,66011.07873713733,0.0,0.0,66615.53782131766,-0.9073845291194153,64907.07460760319,1.7008995340005983
2024-06-16 00:00:00,66011.07873713733,66190.4874891135,66011.07873713733,66190.4874891135,69654.16073760358,9.0,-4.972672431641521,66011.07873713733,0.0,0.27178582051444794,66615.53782131766,-0.6380648510926558,64844.67441797763,2.0754411726412387
2024-06-17 00:00:00,66190.4874891135,66615.53782131766,66190.4874891135,66615.53782131766,69654.16073760358,10.0,-4.362442794670683,66011.07873713733,1.0,0.9156933892678005,66615.53782131766,0.0,64071.624284709695,3.9704214853423876
2024-06-18 00:00:00,66615.53782131766,66615.53782131766,66460.38897909952,66460.38897909952,69493.17760915738,11.0,-4.364153049835825,66011.07873713733,2.0,0.6806588387252152,66460.38897909952,0.0,64071.624284709695,3.7282724155315132
2024-06-19 00:00:00,66460.38897909952,66460.38897909952,65109.31481219048,65109.31481219048,68224.51967501991,12.0,-4.56610743127012,65109.31481219048,0.0,0.0,65109.31481219048,0.0,63221.35738437477,2.986265252638058
2024-06-20 00:00:00,65109.31481219048,65109.31481219048,64907.07460760319,64907.07460760319,68224.51967501991,13.0,-4.86254074520277,64907.07460760319,0.0,0.0,64907.07460760319,0.0,60363.23497529626,7.527495228124366
2024-06-21 00:00:00,64907.07460760319,64907.07460760319,64844.67441797763,64844.67441797763,66700.31696564378,14.0,-2.782059564457488,64844.67441797763,0.0,0.0,64844.67441797763,0.0,60363.23497529626,7.424120732620447
2024-06-22 00:00:00,64844.67441797763,64844.67441797763,64071.624284709695,64071.624284709695,66615.53782131766,15.0,-3.8187990667154623,64071.624284709695,0.0,0.0,64239.90348813148,-0.261954321666868,60363.23497529626,6.143456875581794
2024-06-23 00:00:00,64071.624284709695,64239.90348813148,64071.624284709695,64239.90348813148,66615.53782131766,16.0,-3.566186524768928,64071.624284709695,0.0,0.26264232458664905,64239.90348813148,0.0,60363.23497529626,6.42223451811645
2024-06-24 00:00:00,64239.90348813148,64239.90348813148,63221.35738437477,63221.35738437477,66615.53782131766,17.0,-5.0951783141750955,63221.35738437477,0.0,0.0,63221.35738437477,0.0,60317.09697945116,4.8149870440764655
2024-06-25 00:00:00,63221.35738437477,63221.35738437477,60363.23497529626,60363.23497529626,66460.38897909952,18.0,-9.1741172410542,60363.23497529626,0.0,0.0,61770.41387009536,-2.278079110427253,60317.09697945116,0.07649240125203323
2024-06-26 00:00:00,60363.23497529626,61770.41387009536,60363.23497529626,61770.41387009536,65109.31481219048,19.0,-5.128146336244308,60363.23497529626,0.0,2.33118535707205,62734.39383945474,-1.5366052182257806,60317.09697945116,2.409460937981344
2024-06-27 00:00:00,61770.41387009536,61770.41387009536,60749.89619402014,60749.89619402014,64907.07460760319,20.0,-6.4048155593443985,60363.23497529626,1.0,0.6405574831801518,62819.82226921849,-3.2950205849477707,60317.09697945116,0.7175398622324691
2024-06-28 00:00:00,60749.89619402014,61562.64532550036,60749.89619402014,61562.64532550036,64844.67441797763,21.0,-5.061370300546002,60363.23497529626,2.0,1.9869881902369158,62819.82226921849,-2.0012424395765094,60317.09697945116,2.0650004864682554
2024-06-29 00:00:00,61562.64532550036,61562.64532550036,60317.09697945116,60317.09697945116,64239.90348813148,22.0,-6.106495022062211,60317.09697945116,0.0,0.0,62819.82226921849,-3.983973846729042,60244.68076433092,0.12020350046093267
2024-06-30 00:00:00,60317.09697945116,60864.44316193428,60317.09697945116,60864.44316193428,64239.90348813148,23.0,-5.254460456686127,60317.09697945116,0.0,0.9074478214188383,62819.82226921849,-3.112678509188243,57189.17412408636,6.426511825251212
2024-07-01 00:00:00,60864.44316193428,62734.39383945474,60864.44316193428,62734.39383945474,63221.35738437477,24.0,-0.7702516444868194,60317.09697945116,1.0,4.0076478827008195,62819.82226921849,-0.13598960754401324,56739.86285107204,10.5649373952786
2024-07-02 00:00:00,62734.39383945474,62819.82226921849,62734.39383945474,62819.82226921849,62819.82226921849,0.0,0.0,60317.09697945116,2.0,4.149280079941447,62819.82226921849,0.0,56739.86285107204,10.715498967815327
2024-07-03 00:00:00,62819.82226921849,62819.82226921849,62042.5650371006,62042.5650371006,62819.82226921849,0.0,-1.2372802151316329,60317.09697945116,3.0,2.8606616433103014,62042.5650371006,0.0,55880.3753776708,11.027466472410525
2024-07-04 00:00:00,62042.5650371006,62042.5650371006,60244.68076433092,60244.68076433092,62819.82226921849,1.0,-4.09924990531115,60244.68076433092,0.0,0.0,60244.68076433092,0.0,55880.3753776708,7.810086022442948
2024-07-05 00:00:00,60244.68076433092,60244.68076433092,57189.17412408636,57189.17412408636,62819.82226921849,2.0,-8.963171084759864,57189.17412408636,0.0,0.0,58230.4841542266,-1.788255834147405,55880.3753776708,2.342143798372803
2024-07-06 00:00:00,57189.17412408636,57189.17412408636,56739.86285107204,56739.86285107204,62819.82226921849,3.0,-9.678409136674073,56739.86285107204,0.0,0.0,58230.4841542266,-2.559864175620748,55880.3753776708,1.538084645266495
2024-07-07 00:00:00,56739.86285107204,58230.4841542266,56739.86285107204,58230.4841542266,62819.82226921849,4.0,-7.305557305342225,56739.86285107204,0.0,2.6271147448259993,58230.4841542266,0.0,55880.3753776708,4.205606638596195
2024-07-08 00:00:00,58230.4841542266,58230.4841542266,55880.3753776708,55880.3753776708,62819.82226921849,5.0,-11.046587909479005,55880.3753776708,0.0,0.0,57988.30351208401,-3.635091918103689,55880.3753776708,0.0
2024-07-09 00:00:00,55880.3753776708,56665.14073352028,55880.3753776708,56665.14073352028,62819.82226921849,6.0,-9.797355855802834,55880.3753776708,0.0,1.4043666502696084,59152.71913887286,-4.205349207214786,56665.14073352028,0.0
2024-07-10 00:00:00,56665.14073352028,57988.30351208401,56665.14073352028,57988.30351208401,62042.5650371006,7.0,-6.534645243297402,55880.3753776708,1.0,3.7722154158175334,60942.32773996293,-4.847245481799707,57388.19247916668,1.045704712054103
2024-07-11 00:00:00,57988.30351208401,57988.30351208401,57704.20228446288,57704.20228446288,60244.68076433092,8.0,-4.216934088846866,55880.3753776708,2.0,3.2638057537474214,64835.48973321571,-10.999049252340912,57388.19247916668,0.5506530030736162
2024-07-12 00:00:00,57704.20228446288,57704.20228446288,57388.19247916668,57388.19247916668,58230.4841542266,9.0,-1.4464789144274717,55880.3753776708,3.0,2.698294510917667,65162.23625234354,-11.930290027296698,57388.19247916668,0.0
2024-07-13 00:00:00,57388.19247916668,57899.28895749592,57388.19247916668,57899.28895749592,58230.4841542266,10.0,-0.5687660021055172,55880.3753776708,4.0,3.61292057574805,65162.23625234354,-11.145945431831935,57899.28895749592,0.0
2024-07-14 00:00:00,57899.28895749592,59152.71913887286,57899.28895749592,59152.71913887286,59152.71913887286,0.0,0.0,55880.3753776708,5.0,5.85598027766587,65162.23625234354,-9.222392384138821,59152.71913887286,0.0
2024-07-15 00:00:00,59152.71913887286,60942.32773996293,59152.71913887286,60942.32773996293,60942.32773996293,0.0,0.0,55880.3753776708,6.0,9.058551106861081,66689.54880734957,-8.617873670114347,60942.32773996293,0.0
2024-07-16 00:00:00,60942.32773996293,64835.48973321571,60942.32773996293,64835.48973321571,64835.48973321571,0.0,0.0,56665.14073352028,7.0,14.418651209423816,67206.06470614894,-3.527322992795824,63959.56900809379,1.3694912875524157
2024-07-17 00:00:00,64835.48973321571,65162.23625234354,64835.48973321571,65162.23625234354,65162.23625234354,0.0,0.0,57388.19247916668,8.0,13.546416845240461,68088.13996324532,-4.2972296092700155,63959.56900809379,1.8803554540799856
2024-07-18 00:00:00,65162.23625234354,65162.23625234354,64136.31384360687,64136.31384360687,65162.23625234354,0.0,-1.5744125244010028,57388.19247916668,9.0,11.758727837420423,68088.13996324532,-5.803986012500403,63959.56900809379,0.27633837790668997
2024-07-19 00:00:00,64136.31384360687,64136.31384360687,63959.56900809379,63959.56900809379,65162.23625234354,1.0,-1.8456506612086847,57388.19247916668,10.0,11.45074665195751,68088.13996324532,-6.063568423781553,63959.56900809379,0.0
2024-07-20 00:00:00,63959.56900809379,66689.54880734957,63959.56900809379,66689.54880734957,66689.54880734957,0.0,0.0,57899.28895749592,11.0,15.181982383767457,68088.13996324532,-2.054089238817118,65403.53513022529,1.9662754842894776
2024-07-21 00:00:00,66689.54880734957,67206.06470614894,66689.54880734957,67206.06470614894,67206.06470614894,0.0,0.0,59152.71913887286,12.0,13.614497667248804,68088.13996324532,-1.29549031236943,65403.53513022529,2.75601245763647
2024-07-22 00:00:00,67206.06470614894,68088.13996324532,67206.06470614894,68088.13996324532,68088.13996324532,0.0,0.0,60942.32773996293,13.0,11.72553213551856,68088.13996324532,0.0,65403.53513022529,4.104678482095358
2024-07-23 00:00:00,68088.13996324532,68088.13996324532,67607.71339918874,67607.71339918874,68088.13996324532,0.0,-0.7055950776683363,63959.56900809379,14.0,5.70382891515934,68055.40838968738,-0.657838959594694,65403.53513022529,3.3701209951032456
2024-07-24 00:00:00,67607.71339918874,67607.71339918874,65942.41746522837,65942.41746522837,68088.13996324532,1.0,-3.15138950656493,63959.56900809379,15.0,3.100159191009645,68242.2474440493,-3.370097065907038,65403.53513022529,0.8239345685674461
2024-07-25 00:00:00,65942.41746522837,65942.41746522837,65403.53513022529,65403.53513022529,68088.13996324532,2.0,-3.9428376725656076,63959.56900809379,16.0,2.2576232837791155,68242.2474440493,-4.159757950749526,65403.53513022529,0.0
2024-07-26 00:00:00,65403.53513022529,65749.96361965332,65403.53513022529,65749.96361965332,68088.13996324532,3.0,-3.434043498403939,63959.56900809379,17.0,2.7992599689547086,68242.2474440493,-3.652112756748455,65749.96361965332,0.0
2024-07-27 00:00:00,65749.96361965332,67920.2964857025,65749.96361965332,67920.2964857025,68088.13996324532,4.0,-0.24650912425192012,65403.53513022529,18.0,3.8480509508638674,68242.2474440493,-0.4717766052631111,64679.77864703252,5.010094200157962
2024-07-28 00:00:00,67920.2964857025,68055.40838968738,67920.2964857025,68055.40838968738,68088.13996324532,5.0,-0.048072356765239396,65403.53513022529,19.0,4.0546329096461395,68242.2474440493,-0.2737879559360986,64679.77864703252,5.218987778353703
2024-07-29 00:00:00,68055.40838968738,68242.2474440493,68055.40838968738,68242.2474440493,68242.2474440493,0.0,0.0,65403.53513022529,20.0,4.340304095446572,68242.2474440493,0.0,61407.29547397454,11.13052108437429
2024-07-30 00:00:00,68242.2474440493,68242.2474440493,66770.32091848266,66770.32091848266,68242.2474440493,0.0,-2.1569139069950003,65403.53513022529,21.0,2.089773565811011,66770.32091848266,0.0,60738.7449250574,9.930359938894567
2024-07-31 00:00:00,66770.32091848266,66770.32091848266,66219.05102486102,66219.05102486102,68242.2474440493,1.0,-2.9647271228091636,65403.53513022529,22.0,1.2468987999073073,66219.05102486102,0.0,58006.206586686734,14.15856150824256
2024-08-01 00:00:00,66219.05102486102,66219.05102486102,64679.77864703252,64679.77864703252,68242.2474440493,2.0,-5.22032748106308,64679.77864703252,0.0,0.0,65357.52960767435,-1.036989868971795,53956.26184159744,19.8744620910113
2024-08-02 00:00:00,64679.77864703252,65357.52960767435,64679.77864703252,65357.52960767435,68242.2474440493,3.0,-4.22717296750826,64679.77864703252,0.0,1.0478560298426736,65357.52960767435,0.0,53956.26184159744,21.130573870273434
2024-08-03 00:00:00,65357.52960767435,65357.52960767435,61407.29547397454,61407.29547397454,68242.2474440493,4.0,-10.01571933233679,61407.29547397454,0.0,0.0,61407.29547397454,0.0,53956.26184159744,13.809395569788604
2024-08-04 00:00:00,61407.29547397454,61407.29547397454,60738.7449250574,60738.7449250574,68242.2474440493,5.0,-10.995391857725517,60738.7449250574,0.0,0.0,61859.03159904161,-1.8110317039000827,53956.26184159744,12.570335401239783
2024-08-05 00:00:00,60738.7449250574,60738.7449250574,58006.206586686734,58006.206586686734,68242.2474440493,6.0,-14.999565871207457,58006.206586686734,0.0,0.0,61859.03159904161,-6.228395292910746,53956.26184159744,7.5059772616919815
2024-08-06 00:00:00,58006.206586686734,58006.206586686734,53956.26184159744,53956.26184159744,66770.32091848266,7.0,-19.191249795742944,53956.26184159744,0.0,0.0,61859.03159904161,-12.775450169780234,53956.26184159744,0.0
2024-08-07 00:00:00,53956.26184159744,55959.84107399357,53956.26184159744,55959.84107399357,66219.05102486102,8.0,-15.492837472128334,53956.26184159744,0.0,3.7133395902743476,61859.03159904161,-9.536506428496107,55099.95181146735,1.560598937488116
2024-08-08 00:00:00,55959.84107399357,55959.84107399357,55099.95181146735,55099.95181146735,65357.52960767435,9.0,-15.69456167909159,53956.26184159744,1.0,2.1196612419657668,61859.03159904161,-10.926585193549949,55099.95181146735,0.0
2024-08-09 00:00:00,55099.95181146735,61859.03159904161,55099.95181146735,61859.03159904161,65357.52960767435,10.0,-5.352861452434605,53956.26184159744,2.0,14.646622074458742,61859.03159904161,0.0,58804.23449992608,5.194859052402715
2024-08-10 00:00:00,61859.03159904161,61859.03159904161,60912.588533350805,60912.588533350805,61859.03159904161,0.0,-1.5299998096081922,53956.26184159744,3.0,12.8925289749973,60912.588533350805,0.0,58739.19382231015,3.700075826057999
2024-08-11 00:00:00,60912.588533350805,60912.588533350805,60887.70861641504,60887.70861641504,61859.03159904161,1.0,-1.570220156245742,53956.26184159744,4.0,12.84641770619071,60887.70861641504,0.0,57624.11692852191,5.663586466654847
2024-08-12 00:00:00,60887.70861641504,60887.70861641504,58804.23449992608,58804.23449992608,61859.03159904161,2.0,-4.938320274581956,53956.26184159744,5.0,8.985004692432394,60601.22317789727,-2.9652679991228195,57624.11692852191,2.047957755028187
2024-08-13 00:00:00,58804.23449992608,59350.07433270696,58804.23449992608,59350.07433270696,61859.03159904161,3.0,-4.055927164520187,53956.26184159744,6.0,9.996638586535973,60601.22317789727,-2.064560382745934,57624.11692852191,2.9951997465331432
2024-08-14 00:00:00,59350.07433270696,60601.22317789727,59350.07433270696,60601.22317789727,61859.03159904161,4.0,-2.0333464469622076,55099.95181146735,7.0,9.9841672915674,60601.22317789727,0.0,57624.11692852191,5.166424073913748
2024-08-15 00:00:00,60601.22317789727,60601.22317789727,58739.19382231015,58739.19382231015,61859.03159904161,5.0,-5.043463656129714,55099.95181146735,8.0,6.604800714336395,59574.94581294088,-1.4028581633207056,57624.11692852191,1.9350871704835133
2024-08-16 00:00:00,58739.19382231015,58739.19382231015,57624.11692852191,57624.11692852191,61859.03159904161,6.0,-6.846073339734141,57624.11692852191,0.0,0.0,59574.94581294088,-3.2745793685559916,57624.11692852191,0.0
2024-08-17 00:00:00,57624.11692852191,58881.92579151217,57624.11692852191,58881.92579151217,60912.588533350805,7.0,-3.333732469318403,57624.11692852191,0.0,2.1827820191161873,61144.68762866613,-3.7006679155772138,58438.29374268541,0.7591461358884861
2024-08-18 00:00:00,58881.92579151217,59430.79163445865,58881.92579151217,59430.79163445865,60887.70861641504,8.0,-2.3927932501693987,57624.11692852191,1.0,3.1352753017938233,61144.68762866613,-2.8030170087972834,58438.29374268541,1.6983690457209246
2024-08-19 00:00:00,59430.79163445865,59430.79163445865,58438.29374268541,58438.29374268541,60601.22317789727,9.0,-3.5691184464420713,57624.11692852191,2.0,1.4129098328281975,64049.68561555576,-8.760998307706776,58438.29374268541,0.0
2024-08-20 00:00:00,58438.29374268541,59574.94581294088,58438.29374268541,59574.94581294088,60601.22317789727,10.0,-1.6934928226509753,57624.11692852191,3.0,3.3854382303833317,64157.1606134782,-7.142172061110013,59060.12610074137,0.871687458508573
2024-08-21 00:00:00,59574.94581294088,59574.94581294088,59060.12610074137,59060.12610074137,60601.22317789727,11.0,-2.5430131544242096,57624.11692852191,4.0,2.4920280756765734,64265.81631272862,-8.100247550977107,59060.12610074137,0.0
2024-08-22 00:00:00,59060.12610074137,61144.68762866613,59060.12610074137,61144.68762866613,61144.68762866613,0.0,0.0,57624.11692852191,5.0,6.109543864266425,64265.81631272862,-4.856592296088694,60387.54062321362,1.253813282737747
2024-08-23 00:00:00,61144.68762866613,61144.68762866613,60387.54062321362,60387.54062321362,61144.68762866613,0.0,-1.2382874699609001,57624.11692852191,6.0,4.795602678162549,64265.81631272862,-6.034741192180041,59526.560879590994,1.446379113626604
2024-08-24 00:00:00,60387.54062321362,64049.68561555576,60387.54062321362,64049.68561555576,64049.68561555576,0.0,0.0,58438.29374268541,7.0,9.60225138943711,64265.81631272862,-0.3363074019337527,59015.29633887944,8.530651524255168
2024-08-25 00:00:00,64049.68561555576,64157.1606134782,64049.68561555576,64157.1606134782,64157.1606134782,0.0,0.0,58438.29374268541,8.0,9.78616332635243,64265.81631272862,-0.1690723085530911,59015.29633887944,8.712765322863058
2024-08-26 00:00:00,64157.1606134782,64265.81631272862,64157.1606134782,64265.81631272862,64265.81631272862,0.0,0.0,58438.29374268541,9.0,9.972095687295154,64265.81631272862,0.0,59015.29633887944,8.89687979146878
2024-08-27 00:00:00,64265.81631272862,64265.81631272862,62922.58634676265,62922.58634676265,64265.81631272862,0.0,-2.0901157769934473,59060.12610074137,10.0,6.539878088700513,62922.58634676265,0.0,58960.23658664587,6.720376290033789
2024-08-28 00:00:00,62922.58634676265,62922.58634676265,59526.560879590994,59526.560879590994,64265.81631272862,1.0,-7.374457690034751,59060.12610074137,11.0,0.7897625854269354,59526.560879590994,0.0,57357.71617282246,3.781260572219553
2024-08-29 00:00:00,59526.560879590994,59526.560879590994,59015.29633887944,59015.29633887944,64265.81631272862,2.0,-8.170004327493855,59015.29633887944,0.0,0.0,59351.5794909728,-0.5665951184071001,57357.71617282246,2.8898991742673
2024-08-30 00:00:00,59015.29633887944,59351.5794909728,59015.29633887944,59351.5794909728,64265.81631272862,3.0,-7.646735237660857,59015.29633887944,0.0,0.5698237117413527,59351.5794909728,0.0,57357.71617282246,3.476190216749045
2024-08-31 00:00:00,59351.5794909728,59351.5794909728,59156.24603646356,59156.24603646356,64265.81631272862,4.0,-7.950681356634448,59015.29633887944,1.0,0.23883587193184483,59156.24603646356,0.0,57357.71617282246,3.135637162089957
2024-09-01 00:00:00,59156.24603646356,59156.24603646356,58960.23658664587,58960.23658664587,64265.81631272862,5.0,-8.25567934944586,58960.23658664587,0.0,0.0,59108.73235863689,-0.251224761664709,56132.4047320886,5.037788543095702
2024-09-02 00:00:00,58960.23658664587,58960.23658664587,57357.71617282246,57357.71617282246,64265.81631272862,6.0,-10.749260705396074,57357.71617282246,0.0,0.0,59108.73235863689,-2.9623646387648703,53923.35611071905,6.368965713209235
2024-09-03 00:00:00,57357.71617282246,59108.73235863689,57357.71617282246,59108.73235863689,62922.58634676265,7.0,-6.061184400634515,57357.71617282246,0.0,3.0527996974958067,59108.73235863689,0.0,53923.35611071905,9.616197176731504
2024-09-04 00:00:00,59108.73235863689,59108.73235863689,57504.53858622044,57504.53858622044,59526.560879590994,8.0,-3.3968404414638593,57357.71617282246,1.0,0.2559767424414123,57987.84601410068,-0.8334633222325827,53923.35611071905,6.64124552661053
2024-09-05 00:00:00,57504.53858622044,57987.84601410068,57504.53858622044,57987.84601410068,59351.5794909728,9.0,-2.2977206142922264,57357.71617282246,2.0,1.0985964632545662,57987.84601410068,0.0,53923.35611071905,7.537531408535014
2024-09-06 00:00:00,57987.84601410068,57987.84601410068,56132.4047320886,56132.4047320886,59351.5794909728,10.0,-5.423907478947252,56132.4047320886,0.0,0.0,57624.16178336144,-2.588770066419549,53923.35611071905,4.096645277111069
2024-09-07 00:00:00,56132.4047320886,56132.4047320886,53923.35611071905,53923.35611071905,59156.24603646356,11.0,-8.845878966895555,53923.35611071905,0.0,0.0,57624.16178336144,-6.4223158447937205,53923.35611071905,0.0
2024-09-08 00:00:00,53923.35611071905,54150.9383589072,53923.35611071905,54150.9383589072,59108.73235863689,12.0,-8.387583021826146,53923.35611071905,0.0,0.422047633164501,58106.95122981528,-6.808157694011322,54150.9383589072,0.0
2024-09-09 00:00:00,54150.9383589072,54792.40755768575,54150.9383589072,54792.40755768575,59108.73235863689,13.0,-7.302347096131628,53923.35611071905,1.0,1.6116419853065314,60620.62747295754,-9.614252042956366,54792.40755768575,0.0
2024-09-10 00:00:00,54792.40755768575,57049.11875114327,54792.40755768575,57049.11875114327,59108.73235863689,14.0,-3.4844489558617084,53923.35611071905,2.0,5.7966767387515725,60620.62747295754,-5.891573331878645,57049.11875114327,0.0
2024-09-11 00:00:00,57049.11875114327,57624.16178336144,57049.11875114327,57624.16178336144,57987.84601410068,15.0,-0.6271732022100076,53923.35611071905,3.0,6.863084829222512,60620.62747295754,-4.942980326181554,57381.76444500048,0.42242921720068316
2024-09-12 00:00:00,57624.16178336144,57624.16178336144,57381.76444500048,57381.76444500048,57987.84601410068,16.0,-1.045187243121292,53923.35611071905,4.0,6.413562848685453,60620.62747295754,-5.342839826925072,57381.76444500048,0.0
2024-09-13 00:00:00,57381.76444500048,58106.95122981528,57381.76444500048,58106.95122981528,58106.95122981528,0.0,0.0,53923.35611071905,5.0,7.758410122890333,60620.62747295754,-4.146569159587791,58106.95122981528,0.0
2024-09-14 00:00:00,58106.95122981528,60620.62747295754,58106.95122981528,60620.62747295754,60620.62747295754,0.0,0.0,53923.35611071905,6.0,12.419982444132751,61440.41208494509,-1.3342759011026033,58211.123231286256,4.139250555426949
2024-09-15 00:00:00,60620.62747295754,60620.62747295754,60003.29940083042,60003.29940083042,60620.62747295754,0.0,-1.01834655605058,54150.9383589072,7.0,10.807497006117115,62966.52931910512,-4.706039780686466,58211.123231286256,3.0787520838988742
2024-09-16 00:00:00,60003.29940083042,60003.29940083042,59214.80226801806,59214.80226801806,60620.62747295754,1.0,-2.319054195812488,54792.40755768575,8.0,8.071181587843874,63128.224540748255,-6.199164163414964,58211.123231286256,1.724204895933641
2024-09-17 00:00:00,59214.80226801806,59214.80226801806,58211.123231286256,58211.123231286256,60620.62747295754,2.0,-3.9747266600731677,57049.11875114327,9.0,2.0368491320818105,63403.40234925936,-8.189275221180239,58211.123231286256,0.0
2024-09-18 00:00:00,58211.123231286256,60317.0319794625,58211.123231286256,60317.0319794625,60620.62747295754,3.0,-0.500812192401781,57381.76444500048,10.0,5.115331609008694,63582.59956924825,-5.135945387431338,60317.0319794625,0.0
2024-09-19 00:00:00,60317.0319794625,61440.41208494509,60317.0319794625,61440.41208494509,61440.41208494509,0.0,0.0,57381.76444500048,11.0,7.073061763088099,63582.59956924825,-3.369141083906271,61440.41208494509,0.0
2024-09-20 00:00:00,61440.41208494509,62966.52931910512,61440.41208494509,62966.52931910512,62966.52931910512,0.0,0.0,58106.95122981528,12.0,8.363161354086566,64334.14274876097,-2.125797238018208,62966.52931910512,0.0
2024-09-21 00:00:00,62966.52931910512,63128.224540748255,62966.52931910512,63128.224540748255,63128.224540748255,0.0,0.0,58211.123231286256,13.0,8.447013279446985,64334.14274876097,-1.8744606774696457,63128.224540748255,0.0
2024-09-22 00:00:00,63128.224540748255,63403.40234925936,63128.224540748255,63403.40234925936,63403.40234925936,0.0,0.0,58211.123231286256,14.0,8.919737036069517,65130.76884023231,-2.6521512362463118,63151.89959401337,0.39825049897602127
2024-09-23 00:00:00,63403.40234925936,63582.59956924825,63403.40234925936,63582.59956924825,63582.59956924825,0.0,0.0,58211.123231286256,15.0,9.227577204823678,65791.00212541742,-3.356693901636116,63151.89959401337,0.6820063656101131
2024-09-24 00:00:00,63582.59956924825,63582.59956924825,63327.02654450202,63327.02654450202,63582.59956924825,0.0,-0.4019543498970668,58211.123231286256,16.0,8.788532206961712,65934.10709441357,-3.954069698977456,63151.89959401337,0.2773106614599015
2024-09-25 00:00:00,63327.02654450202,64334.14274876097,63327.02654450202,64334.14274876097,64334.14274876097,0.0,0.0,60317.0319794625,17.0,6.659994096967938,65934.10709441357,-2.426611076057423,63151.89959401337,1.872062697001872
2024-09-26 00:00:00,64334.14274876097,64334.14274876097,63151.89959401337,63151.89959401337,64334.14274876097,0.0,-1.8376605395435535,61440.41208494509,18.0,2.7856055175900205,65934.10709441357,-4.219678741408076,63151.89959401337,0.0
2024-09-27 00:00:00,63151.89959401337,65130.76884023231,63151.89959401337,65130.76884023231,65130.76884023231,0.0,0.0,62966.52931910512,19.0,3.4371269061998735,65934.10709441357,-1.2183955915728562,60872.66854372554,6.995093854720912
2024-09-28 00:00:00,65130.76884023231,65791.00212541742,65130.76884023231,65791.00212541742,65791.00212541742,0.0,0.0,63128.224540748255,20.0,4.21804605474115,65934.10709441357,-0.21704240081879553,60655.55979196848,8.466564897038397
2024-09-29 00:00:00,65791.00212541742,65934.10709441357,65791.00212541742,65934.10709441357,65934.10709441357,0.0,0.0,63151.89959401337,21.0,4.405580066927946,65934.10709441357,0.0,60655.55979196848,8.7024954028106
2024-09-30 00:00:00,65934.10709441357,65934.10709441357,65663.68986662335,65663.68986662335,65934.10709441357,0.0,-0.41013253945034017,63151.89959401337,22.0,3.9773788100715968,65663.68986662335,0.0,60655.55979196848,8.256671097969162
2024-10-01 00:00:00,65663.68986662335,65663.68986662335,63243.27532464382,63243.27532464382,65934.10709441357,1.0,-4.081092303133254,63151.89959401337,23.0,0.1446919747749225,63243.27532464382,0.0,60655.55979196848,4.266246229612716
2024-10-02 00:00:00,63243.27532464382,63243.27532464382,60872.66854372554,60872.66854372554,65934.10709441357,2.0,-7.676510343031366,60872.66854372554,0.0,0.0,62811.79972811266,-3.0872084429690783,60655.55979196848,0.3579371000806486
2024-10-03 00:00:00,60872.66854372554,60872.66854372554,60655.55979196848,60655.55979196848,65934.10709441357,3.0,-8.005791744303957,60655.55979196848,0.0,0.0,62811.79972811266,-3.4328580704225717,60655.55979196848,0.0
2024-10-04 00:00:00,60655.55979196848,60727.86395169296,60655.55979196848,60727.86395169296,65934.10709441357,4.0,-7.896130503846198,60655.55979196848,0.0,0.11920450486726021,62811.79972811266,-3.3177456870209543,60727.86395169296,0.0
2024-10-05 00:00:00,60727.86395169296,62103.01047283253,60727.86395169296,62103.01047283253,65934.10709441357,5.0,-5.8104929154423015,60655.55979196848,1.0,2.386344608521296,62811.79972811266,-1.1284332853829933,60597.15045618275,2.48503437094563
2024-10-06 00:00:00,62103.01047283253,62103.01047283253,62091.932585194016,62091.932585194016,65934.10709441357,6.0,-5.827294367872153,60655.55979196848,2.0,2.3680810104661303,62811.79972811266,-1.1460699200383724,60195.18073772453,3.151002828172899
2024-10-07 00:00:00,62091.932585194016,62811.79972811266,62091.932585194016,62811.79972811266,65663.68986662335,7.0,-4.343176791166429,60655.55979196848,3.0,3.554892483952791,62811.79972811266,0.0,60195.18073772453,4.34689116025577
2024-10-08 00:00:00,62811.79972811266,62811.79972811266,62287.39010510681,62287.39010510681,63243.27532464382,8.0,-1.511441674439236,60655.55979196848,4.0,2.6903227317249208,63207.77062127557,-1.4561192510386778,60195.18073772453,3.4757090879055825
2024-10-09 00:00:00,62287.39010510681,62287.39010510681,62185.230423727575,62185.230423727575,62811.79972811266,9.0,-0.997534391781885,60655.55979196848,5.0,2.5218968170526073,63207.77062127557,-1.6177444442310607,60195.18073772453,3.305995034177007
2024-10-10 00:00:00,62185.230423727575,62185.230423727575,60597.15045618275,60597.15045618275,62811.79972811266,10.0,-3.52584909446353,60597.15045618275,0.0,0.0,66049.99492708022,-8.25563192990015,60195.18073772453,0.6677772431810471
2024-10-11 00:00:00,60597.15045618275,60597.15045618275,60195.18073772453,60195.18073772453,62811.79972811266,11.0,-4.165808019694446,60195.18073772453,0.0,0.0,66962.21994496793,-10.105756966846098,60195.18073772453,0.0
2024-10-12 00:00:00,60195.18073772453,62392.34048293159,60195.18073772453,62392.34048293159,62811.79972811266,12.0,-0.6678032582997784,60195.18073772453,0.0,3.6500592211530583,67647.54414766871,-7.7685062051409695,62392.34048293159,0.0
2024-10-13 00:00:00,62392.34048293159,63207.77062127557,62392.34048293159,63207.77062127557,63207.77062127557,0.0,0.0,60195.18073772453,1.0,5.004702779574918,67647.54414766871,-6.56309638780308,62829.533686088886,0.6020050014638784
2024-10-14 00:00:00,63207.77062127557,63207.77062127557,62829.533686088886,62829.533686088886,63207.77062127557,0.0,-0.5984025879554971,60195.18073772453,2.0,4.376351920666964,68465.61920668735,-8.231993788859155,62829.533686088886,0.0
2024-10-15 00:00:00,62829.533686088886,66049.99492708022,62829.533686088886,66049.99492708022,66049.99492708022,0.0,0.0,60195.18073772453,3.0,9.726383603474185,68465.61920668735,-3.5282296539445976,66049.99492708022,0.0
2024-10-16 00:00:00,66049.99492708022,66962.21994496793,66049.99492708022,66962.21994496793,66962.21994496793,0.0,0.0,60195.18073772453,4.0,11.241828871198118,68962.82918045693,-2.9009964632598666,66962.21994496793,0.0
2024-10-17 00:00:00,66962.21994496793,67647.54414766871,66962.21994496793,67647.54414766871,67647.54414766871,0.0,0.0,60195.18073772453,5.0,12.380332310014582,68962.82918045693,-1.9072376357218122,67328.10527002988,0.47445101322497846
2024-10-18 00:00:00,67647.54414766871,67647.54414766871,67328.10527002988,67328.10527002988,67647.54414766871,0.0,-0.4722106052239377,60195.18073772453,6.0,11.849660462660792,68962.82918045693,-2.370442062563049,67328.10527002988,0.0
2024-10-19 00:00:00,67328.10527002988,68465.61920668735,67328.10527002988,68465.61920668735,68465.61920668735,0.0,0.0,62392.34048293159,7.0,9.734013304753647,68962.82918045693,-0.720982563619192,66683.96806542306,2.671783328065187
2024-10-20 00:00:00,68465.61920668735,68465.61920668735,68388.87128965274,68388.87128965274,68465.61920668735,0.0,-0.11209701734079802,62829.533686088886,8.0,8.848287226417458,68962.82918045693,-0.8322713810106257,66683.96806542306,2.556691321303819
2024-10-21 00:00:00,68388.87128965274,68962.82918045693,68388.87128965274,68962.82918045693,68962.82918045693,0.0,0.0,62829.533686088886,9.0,9.761803302586058,68962.82918045693,0.0,66585.66535501445,3.570083459807999
2024-10-22 00:00:00,68962.82918045693,68962.82918045693,67394.85775735618,67394.85775735618,68962.82918045693,0.0,-2.273647183177185,66049.99492708022,10.0,2.036128589806405,68214.05205157402,-1.200917215119374,66585.66535501445,1.2152651746098146
2024-10-23 00:00:00,67394.85775735618,67394.85775735618,67351.04793512498,67351.04793512498,68962.82918045693,1.0,-2.3371739014859108,66962.21994496793,11.0,0.5806677115492929,68214.05205157402,-1.265141258279973,66585.66535501445,1.1494704994381904
2024-10-24 00:00:00,67351.04793512498,67351.04793512498,66683.96806542306,66683.96806542306,68962.82918045693,2.0,-3.30447741502993,66683.96806542306,0.0,0.0,68214.05205157402,-2.2430627416681266,66585.66535501445,0.14763344315099464
2024-10-25 00:00:00,66683.96806542306,68214.05205157402,66683.96806542306,68214.05205157402,68962.82918045693,3.0,-1.0857691567780148,66683.96806542306,0.0,2.294530500419242,,,,
2024-10-26 00:00:00,68214.05205157402,68214.05205157402,66585.66535501445,66585.66535501445,68962.82918045693,4.0,-3.447021901062217,66585.66535501445,0.0,0.0,,,,
2024-10-27 00:00:00,66585.66535501445,67018.1650170265,66585.66535501445,67018.1650170265,68962.82918045693,5.0,-2.819872946833096,66585.66535501445,0.0,0.649538695312414,,,,
2024-10-28 00:00:00,67018.1650170265,67938.55412885673,67018.1650170265,67938.55412885673,68962.82918045693,6.0,-1.4852567154980683,66585.66535501445,1.0,2.0318018399742463,,,,
2024-10-28 00:39:54,67938.55412885673,67938.55412885673,67928.16223584684,67928.16223584684,68214.05205157402,6.0,-0.4191069246421921,66585.66535501445,1.0,2.016195037887819,,,,
